Estacionamiento medido: Lunes a Viernes de 07.00 a 13.00 y de 16.00 a 20.00. Sabados de 08.00 a 13.00.;"[""-31.633897,-60.711286""]";Parquimetro en Bv. Pellegrini y Francia;-31.633897;-60.711286
Estacionamiento medido: Lunes a Viernes de 07.00 a 13.00 y de 16.00 a 20.00. Sabados de 08.00 a 13.00.;"[""-31.634461,-60.70855""]";Parquimetro en Bv. Pellegrini y 4 de Enero;-31.634461;-60.70855
Estacionamiento medido: Lunes a Viernes de 07.00 a 13.00 y de 16.00 a 20.00. Sabados de 08.00 a 13.00.;"[""-31.634557,-60.707805""]";Parquimetro en Bv. Pellegrini 2950;-31.634557;-60.707805
Estacionamiento medido: Lunes a Viernes de 07.00 a 13.00 y de 16.00 a 20.00. Sabados de 08.00 a 13.00.;"[""-31.635075,-60.705881""]";Parquimetro en Bv. Pellegrini y 9 de Julio;-31.635075;-60.705881
Estacionamiento medido: Lunes a Viernes de 07.00 a 13.00 y de 16.00 a 20.00. Sabados de 08.00 a 13.00.;"[""-31.635354,-60.704693""]";Parquimetro en Bv. Pellegrini y San Jeronimo;-31.635354;-60.704693
Estacionamiento medido: Lunes a Viernes de 07.00 a 13.00 y de 16.00 a 20.00. Sabados de 08.00 a 13.00.;"[""-31.633696,-60.70545""]";Parquimetro en 9 de Julio y C. Pujato;-31.633696;-60.70545
Estacionamiento medido: Lunes a Viernes de 07.00 a 13.00 y de 16.00 a 20.00. Sabados de 08.00 a 13.00.;"[""-31.633933,-60.704286""]";Parquimetro en San Jeronimo y C. Pujato;-31.633933;-60.704286
Estacionamiento medido: Lunes a Viernes de 07.00 a 13.00 y de 16.00 a 20.00. Sabados de 08.00 a 13.00.;"[""-31.635345,-60.70391""]";Parquimetro en Bv. Pellegrini 2650;-31.635345;-60.70391
Estacionamiento medido: Lunes a Viernes de 07.00 a 13.00 y de 16.00 a 20.00. Sabados de 08.00 a 13.00.;"[""-31.635941,-60.707429""]";Parquimetro en 1 de Mayo y O. Gelabert;-31.635941;-60.707429
Estacionamiento medido: Lunes a Viernes de 07.00 a 13.00 y de 16.00 a 20.00. Sabados de 08.00 a 13.00.;"[""-31.636215,-60.706233""]";Parquimetro en 9 de Julio y O. Gelabert;-31.636215;-60.706233
Estacionamiento medido: Lunes a Viernes de 07.00 a 13.00 y de 16.00 a 20.00. Sabados de 08.00 a 13.00.;"[""-31.636502,-60.705053""]";Parquimetro en San Jeronimo y O. Gelabert;-31.636502;-60.705053
Estacionamiento medido: Lunes a Viernes de 07.00 a 13.00 y de 16.00 a 20.00. Sabados de 08.00 a 13.00.;"[""-31.636813,-60.703583""]";Parquimetro en San Martin y O. Gelabert;-31.636813;-60.703583
Estacionamiento medido: Lunes a Viernes de 07.00 a 13.00 y de 16.00 a 20.00. Sabados de 08.00 a 13.00.;"[""-31.636936,-60.702891""]";Parquimetro en 25 de Mayo y O. Gelabert;-31.636936;-60.702891
Estacionamiento medido: Lunes a Viernes de 07.00 a 13.00 y de 16.00 a 20.00. Sabados de 08.00 a 13.00.;"[""-31.637252,-60.701474""]";Parquimetro en Rivadavia y O. Gelabert;-31.637252;-60.701474
Estacionamiento medido: Lunes a Viernes de 07.00 a 13.00 y de 16.00 a 20.00. Sabados de 08.00 a 13.00.;"[""-31.637302,-60.700015""]";Parquimetro en San Luis y Balcarce;-31.637302;-60.700015
Estacionamiento medido: Lunes a Viernes de 07.00 a 13.00 y de 16.00 a 20.00. Sabados de 08.00 a 13.00.;"[""-31.637023,-60.707724""]";Parquimetro en S. del Estero y 1 de Mayo;-31.637023;-60.707724
Estacionamiento medido: Lunes a Viernes de 07.00 a 13.00 y de 16.00 a 20.00. Sabados de 08.00 a 13.00.;"[""-31.637293,-60.706565""]";Parquimetro en S. del Estero y 9 de Julio;-31.637293;-60.706565
Estacionamiento medido: Lunes a Viernes de 07.00 a 13.00 y de 16.00 a 20.00. Sabados de 08.00 a 13.00.;"[""-31.637836,-60.703905""]";Parquimetro en S. del Estero y San Martin;-31.637836;-60.703905
Estacionamiento medido: Lunes a Viernes de 07.00 a 13.00 y de 16.00 a 20.00. Sabados de 08.00 a 13.00.;"[""-31.637996,-60.703218""]";Parquimetro en S. del Estero y 25 de Mayo;-31.637996;-60.703218
Estacionamiento medido: Lunes a Viernes de 07.00 a 13.00 y de 16.00 a 20.00. Sabados de 08.00 a 13.00.;"[""-31.638293,-60.701807""]";Parquimetro en S. del Estero y Rivadavia;-31.638293;-60.701807
Estacionamiento medido: Lunes a Viernes de 07.00 a 13.00 y de 16.00 a 20.00. Sabados de 08.00 a 13.00.;"[""-31.638334,-60.706871""]";Parquimetro en Junin y 9 de Julio;-31.638334;-60.706871
Estacionamiento medido: Lunes a Viernes de 07.00 a 13.00 y de 16.00 a 20.00. Sabados de 08.00 a 13.00.;"[""-31.638562,-60.705702""]";Parquimetro en Junin y San Jeronimo;-31.638562;-60.705702
Estacionamiento medido: Lunes a Viernes de 07.00 a 13.00 y de 16.00 a 20.00. Sabados de 08.00 a 13.00.;"[""-31.638896,-60.704253""]";Parquimetro en Junin y San Martin;-31.638896;-60.704253
Estacionamiento medido: Lunes a Viernes de 07.00 a 13.00 y de 16.00 a 20.00. Sabados de 08.00 a 13.00.;"[""-31.639064,-60.703572""]";Parquimetro en Junin y 25 de Mayo;-31.639064;-60.703572
Estacionamiento medido: Lunes a Viernes de 07.00 a 13.00 y de 16.00 a 20.00. Sabados de 08.00 a 13.00.;"[""-31.639375,-60.702161""]";Parquimetro en Junin y Rivadavia;-31.639375;-60.702161
Estacionamiento medido: Lunes a Viernes de 07.00 a 13.00 y de 16.00 a 20.00. Sabados de 08.00 a 13.00.;"[""-31.639608,-60.701088""]";Parquimetro en Junin y San Luis;-31.639608;-60.701088
Estacionamiento medido: Lunes a Viernes de 07.00 a 13.00 y de 16.00 a 20.00. Sabados de 08.00 a 13.00.;"[""-31.639777,-60.700316""]";Parquimetro en Junin y D. Espana;-31.639777;-60.700316
Estacionamiento medido: Lunes a Viernes de 07.00 a 13.00 y de 16.00 a 20.00. Sabados de 08.00 a 13.00.;"[""-31.639946,-60.699533""]";Parquimetro en Junin y Pje. Zamaro;-31.639946;-60.699533
Estacionamiento medido: Lunes a Viernes de 07.00 a 13.00 y de 16.00 a 20.00. Sabados de 08.00 a 13.00.;"[""-31.639234,-60.708427""]";Parquimetro en Suipacha y 1 de Mayo;-31.639234;-60.708427
Estacionamiento medido: Lunes a Viernes de 07.00 a 13.00 y de 16.00 a 20.00. Sabados de 08.00 a 13.00.;"[""-31.639535,-60.707214""]";Parquimetro en Suipacha y 9 de Julio;-31.639535;-60.707214
Estacionamiento medido: Lunes a Viernes de 07.00 a 13.00 y de 16.00 a 20.00. Sabados de 08.00 a 13.00.;"[""-31.639777,-60.706093""]";Parquimetro en Suipacha y San Jeronimo;-31.639777;-60.706093
Estacionamiento medido: Lunes a Viernes de 07.00 a 13.00 y de 16.00 a 20.00. Sabados de 08.00 a 13.00.;"[""-31.64011,-60.704618""]";Parquimetro en Suipacha y San Martin;-31.64011;-60.704618
Estacionamiento medido: Lunes a Viernes de 07.00 a 13.00 y de 16.00 a 20.00. Sabados de 08.00 a 13.00.;"[""-31.640279,-60.703915""]";Parquimetro en Suipacha y 25 de Mayo;-31.640279;-60.703915
Estacionamiento medido: Lunes a Viernes de 07.00 a 13.00 y de 16.00 a 20.00. Sabados de 08.00 a 13.00.;"[""-31.640613,-60.702488""]";Parquimetro en Rivadavia y Suipacha;-31.640613;-60.702488
Estacionamiento medido: Lunes a Viernes de 07.00 a 13.00 y de 16.00 a 20.00. Sabados de 08.00 a 13.00.;"[""-31.640818,-60.701432""]";Parquimetro en Suipacha y San Luis;-31.640818;-60.701432
Estacionamiento medido: Lunes a Viernes de 07.00 a 13.00 y de 16.00 a 20.00. Sabados de 08.00 a 13.00.;"[""-31.641123,-60.700118""]";Parquimetro en Suipacha y Belgrano;-31.641123;-60.700118
Estacionamiento medido: Lunes a Viernes de 07.00 a 13.00 y de 16.00 a 20.00. Sabados de 08.00 a 13.00.;"[""-31.640403,-60.708802""]";Parquimetro en Crespo y 1 de Mayo;-31.640403;-60.708802
Estacionamiento medido: Lunes a Viernes de 07.00 a 13.00 y de 16.00 a 20.00. Sabados de 08.00 a 13.00.;"[""-31.640901,-60.706394""]";Parquimetro en Crespo y San Jeronimo;-31.640901;-60.706394
Estacionamiento medido: Lunes a Viernes de 07.00 a 13.00 y de 16.00 a 20.00. Sabados de 08.00 a 13.00.;"[""-31.641216,-60.704983""]";Parquimetro en Crespo y San Martin;-31.641216;-60.704983
Estacionamiento medido: Lunes a Viernes de 07.00 a 13.00 y de 16.00 a 20.00. Sabados de 08.00 a 13.00.;"[""-31.641677,-60.70281""]";Parquimetro en Rivadavia y Crespo;-31.641677;-60.70281
Estacionamiento medido: Lunes a Viernes de 07.00 a 13.00 y de 16.00 a 20.00. Sabados de 08.00 a 13.00.;"[""-31.641914,-60.701786""]";Parquimetro en Crespo y San Luis;-31.641914;-60.701786
Estacionamiento medido: Lunes a Viernes de 07.00 a 13.00 y de 16.00 a 20.00. Sabados de 08.00 a 13.00.;"[""-31.642211,-60.700488""]";Parquimetro en Crespo y Belgrano;-31.642211;-60.700488
Estacionamiento medido: Lunes a Viernes de 07.00 a 13.00 y de 16.00 a 20.00. Sabados de 08.00 a 13.00.;"[""-31.64154,-60.709151""]";Parquimetro en H. Yrigoyen y 1 de Mayo;-31.64154;-60.709151
Estacionamiento medido: Lunes a Viernes de 07.00 a 13.00 y de 16.00 a 20.00. Sabados de 08.00 a 13.00.;"[""-31.641969,-60.706769""]";Parquimetro en H. Yrigoyen y San Jeronimo;-31.641969;-60.706769
Estacionamiento medido: Lunes a Viernes de 07.00 a 13.00 y de 16.00 a 20.00. Sabados de 08.00 a 13.00.;"[""-31.642243,-60.705326""]";Parquimetro en H. Yrigoyen y San Martin;-31.642243;-60.705326
Estacionamiento medido: Lunes a Viernes de 07.00 a 13.00 y de 16.00 a 20.00. Sabados de 08.00 a 13.00.;"[""-31.642348,-60.704586""]";Parquimetro en H. Yrigoyen y 25 de Mayo;-31.642348;-60.704586
Estacionamiento medido: Lunes a Viernes de 07.00 a 13.00 y de 16.00 a 20.00. Sabados de 08.00 a 13.00.;"[""-31.642686,-60.703132""]";Parquimetro en H. Yrigoyen y Rivadavia;-31.642686;-60.703132
Estacionamiento medido: Lunes a Viernes de 07.00 a 13.00 y de 16.00 a 20.00. Sabados de 08.00 a 13.00.;"[""-31.642919,-60.70207""]";Parquimetro en H. Yrigoyen y San Luis;-31.642919;-60.70207
Estacionamiento medido: Lunes a Viernes de 07.00 a 13.00 y de 16.00 a 20.00. Sabados de 08.00 a 13.00.;"[""-31.642677,-60.709505""]";Parquimetro en I. Freyre y 1 de Mayo;-31.642677;-60.709505
Estacionamiento medido: Lunes a Viernes de 07.00 a 13.00 y de 16.00 a 20.00. Sabados de 08.00 a 13.00.;"[""-31.643116,-60.70707""]";Parquimetro en I. Freyre y San Jeronimo;-31.643116;-60.70707
Estacionamiento medido: Lunes a Viernes de 07.00 a 13.00 y de 16.00 a 20.00. Sabados de 08.00 a 13.00.;"[""-31.643385,-60.70567""]";Parquimetro en I. Freyre y San Martin;-31.643385;-60.70567
Estacionamiento medido: Lunes a Viernes de 07.00 a 13.00 y de 16.00 a 20.00. Sabados de 08.00 a 13.00.;"[""-31.643522,-60.704945""]";Parquimetro en I. Freyre y 25 de Mayo;-31.643522;-60.704945
Estacionamiento medido: Lunes a Viernes de 07.00 a 13.00 y de 16.00 a 20.00. Sabados de 08.00 a 13.00.;"[""-31.643801,-60.703465""]";Parquimetro en I. Freyre y Rivadavia;-31.643801;-60.703465
Estacionamiento medido: Lunes a Viernes de 07.00 a 13.00 y de 16.00 a 20.00. Sabados de 08.00 a 13.00.;"[""-31.643997,-60.702413""]";Parquimetro en I. Freyre y San Luis;-31.643997;-60.702413
Estacionamiento medido: Lunes a Viernes de 07.00 a 13.00 y de 16.00 a 20.00. Sabados de 08.00 a 13.00.;"[""-31.644298,-60.701056""]";Parquimetro en I.Freyre y Belgrano;-31.644298;-60.701056
Estacionamiento medido: Lunes a Viernes de 07.00 a 13.00 y de 16.00 a 20.00. Sabados de 08.00 a 13.00.;"[""-31.643801,-60.709806""]";Parquimetro en Eva Peron y 1 de Mayo;-31.643801;-60.709806
Estacionamiento medido: Lunes a Viernes de 07.00 a 13.00 y de 16.00 a 20.00. Sabados de 08.00 a 13.00.;"[""-31.644257,-60.707424""]";Parquimetro en Eva Peron y San Jeronimo;-31.644257;-60.707424
Estacionamiento medido: Lunes a Viernes de 07.00 a 13.00 y de 16.00 a 20.00. Sabados de 08.00 a 13.00.;"[""-31.644531,-60.705975""]";Parquimetro en Eva Peron y San Martin;-31.644531;-60.705975
Estacionamiento medido: Lunes a Viernes de 07.00 a 13.00 y de 16.00 a 20.00. Sabados de 08.00 a 13.00.;"[""-31.644924,-60.703819""]";Parquimetro en Eva Peron y Rivadavia;-31.644924;-60.703819
Estacionamiento medido: Lunes a Viernes de 07.00 a 13.00 y de 16.00 a 20.00. Sabados de 08.00 a 13.00.;"[""-31.645102,-60.702698""]";Parquimetro en Eva Peron y San Luis;-31.645102;-60.702698
Estacionamiento medido: Lunes a Viernes de 07.00 a 13.00 y de 16.00 a 20.00. Sabados de 08.00 a 13.00.;"[""-31.644481,-60.71135""]";Parquimetro en La Rioja y 4 de Enero;-31.644481;-60.71135
Estacionamiento medido: Lunes a Viernes de 07.00 a 13.00 y de 16.00 a 20.00. Sabados de 08.00 a 13.00.;"[""-31.645098,-60.708792""]";Parquimetro en La Rioja y 9 de Julio;-31.645098;-60.708792
Estacionamiento medido: Lunes a Viernes de 07.00 a 13.00 y de 16.00 a 20.00. Sabados de 08.00 a 13.00.;"[""-31.646175,-60.704243""]";Parquimetro en La Rioja y Rivadavia;-31.646175;-60.704243
Estacionamiento medido: Lunes a Viernes de 07.00 a 13.00 y de 16.00 a 20.00. Sabados de 08.00 a 13.00.;"[""-31.646486,-60.703121""]";Parquimetro en La Rioja y San Luis;-31.646486;-60.703121
Estacionamiento medido: Lunes a Viernes de 07.00 a 13.00 y de 16.00 a 20.00. Sabados de 08.00 a 13.00.;"[""-31.645541,-60.711678""]";Parquimetro en Tucuman y 4 de Enero;-31.645541;-60.711678
Estacionamiento medido: Lunes a Viernes de 07.00 a 13.00 y de 16.00 a 20.00. Sabados de 08.00 a 13.00.;"[""-31.646312,-60.710594""]";Parquimetro en 1 de Mayo 2450;-31.646312;-60.710594
Estacionamiento medido: Lunes a Viernes de 07.00 a 13.00 y de 16.00 a 20.00. Sabados de 08.00 a 13.00.;"[""-31.647659,-60.705374""]";Parquimetro en Rivadavia 2450;-31.647659;-60.705374
Estacionamiento medido: Lunes a Viernes de 07.00 a 13.00 y de 16.00 a 20.00. Sabados de 08.00 a 13.00.;"[""-31.646691,-60.711994""]";Parquimetro en 1ra Junta y 4 de Enero;-31.646691;-60.711994
Estacionamiento medido: Lunes a Viernes de 07.00 a 13.00 y de 16.00 a 20.00. Sabados de 08.00 a 13.00.;"[""-31.648904,-60.70538""]";Parquimetro en Cortada Falucho 2450;-31.648904;-60.70538
Estacionamiento medido: Lunes a Viernes de 07.00 a 13.00 y de 16.00 a 20.00. Sabados de 08.00 a 13.00.;"[""-31.647819,-60.712292""]";Parquimetro en Mendoza y 4 de Enero;-31.647819;-60.712292
Estacionamiento medido: Lunes a Viernes de 07.00 a 13.00 y de 16.00 a 20.00. Sabados de 08.00 a 13.00.;"[""-31.648134,-60.711104""]";Parquimetro en Mendoza y 1 de Mayo;-31.648134;-60.711104
Estacionamiento medido: Lunes a Viernes de 07.00 a 13.00 y de 16.00 a 20.00. Sabados de 08.00 a 13.00.;"[""-31.64908,-60.704425""]";Parquimetro en Cortada Falucho y 27 de Febrero;-31.64908;-60.704425
Estacionamiento medido: Lunes a Viernes de 07.00 a 13.00 y de 16.00 a 20.00. Sabados de 08.00 a 13.00.;"[""-31.649701,-60.704559""]";Parquimetro en Mendoza y 27 de Febrero;-31.649701;-60.704559
Estacionamiento medido: Lunes a Viernes de 07.00 a 13.00 y de 16.00 a 20.00. Sabados de 08.00 a 13.00.;"[""-31.64924,-60.712729""]";Parquimetro en Salta y 4 de Enero;-31.64924;-60.712729
Estacionamiento medido: Lunes a Viernes de 07.00 a 13.00 y de 16.00 a 20.00. Sabados de 08.00 a 13.00.;"[""-31.649404,-60.711506""]";Parquimetro en Salta y 1 de Mayo;-31.649404;-60.711506
Estacionamiento medido: Lunes a Viernes de 07.00 a 13.00 y de 16.00 a 20.00. Sabados de 08.00 a 13.00.;"[""-31.650528,-60.706732""]";Parquimetro en Salta y 25 de Mayo;-31.650528;-60.706732
Estacionamiento medido: Lunes a Viernes de 07.00 a 13.00 y de 16.00 a 20.00. Sabados de 08.00 a 13.00.;"[""-31.650696,-60.711844""]";Parquimetro en L.de la Torre y 1 de Mayo;-31.650696;-60.711844
Estacionamiento medido: Lunes a Viernes de 07.00 a 13.00 y de 16.00 a 20.00. Sabados de 08.00 a 13.00.;"[""-31.651153,-60.709301""]";Parquimetro en L.de la Torre y San Jeronimo;-31.651153;-60.709301
Estacionamiento medido: Lunes a Viernes de 07.00 a 13.00 y de 16.00 a 20.00. Sabados de 08.00 a 13.00.;"[""-31.651688,-60.70685""]";Parquimetro en L.de la Torre y 25 de Mayo;-31.651688;-60.70685
Estacionamiento medido: Lunes a Viernes de 07.00 a 13.00 y de 16.00 a 20.00. Sabados de 08.00 a 13.00.;"[""-31.651838,-60.712171""]";Parquimetro en Juan de Garay y 1 de Mayo;-31.651838;-60.712171
Estacionamiento medido: Lunes a Viernes de 07.00 a 13.00 y de 16.00 a 20.00. Sabados de 08.00 a 13.00.;"[""-31.652308,-60.709677""]";Parquimetro en Juan de Garay y San Jeronimo;-31.652308;-60.709677
Estacionamiento medido: Lunes a Viernes de 07.00 a 13.00 y de 16.00 a 20.00. Sabados de 08.00 a 13.00.;"[""-31.65277,-60.707064""]";Parquimetro en Juan de Garay y 25 de Mayo;-31.65277;-60.707064
Estacionamiento medido: Lunes a Viernes de 07.00 a 13.00 y de 16.00 a 20.00. Sabados de 08.00 a 13.00.;"[""-31.652057,-60.705728""]";Parquimetro en Cruz Roja 2003;-31.652057;-60.705728
Estacionamiento medido: Lunes a Viernes de 07.00 a 13.00 y de 16.00 a 20.00. Sabados de 08.00 a 13.00.;"[""-31.65297,-60.712547""]";Parquimetro en Corrientes y 1 de Mayo;-31.65297;-60.712547
Estacionamiento medido: Lunes a Viernes de 07.00 a 13.00 y de 16.00 a 20.00. Sabados de 08.00 a 13.00.;"[""-31.653441,-60.709961""]";Parquimetro en Corrientes y San Jeronimo;-31.653441;-60.709961
Estacionamiento medido: Lunes a Viernes de 07.00 a 13.00 y de 16.00 a 20.00. Sabados de 08.00 a 13.00.;"[""-31.653884,-60.707413""]";Parquimetro en Corrientes y 25 de Mayo;-31.653884;-60.707413
Estacionamiento medido: Lunes a Viernes de 07.00 a 13.00 y de 16.00 a 20.00. Sabados de 08.00 a 13.00.;"[""-31.654062,-60.70612""]";Parquimetro en Cruz Roja y Corrientes;-31.654062;-60.70612
Estacionamiento medido: Lunes a Viernes de 07.00 a 13.00 y de 16.00 a 20.00. Sabados de 08.00 a 13.00.;"[""-31.654157,-60.712858""]";Parquimetro en Moreno y 1 de Mayo;-31.654157;-60.712858
Estacionamiento medido: Lunes a Viernes de 07.00 a 13.00 y de 16.00 a 20.00. Sabados de 08.00 a 13.00.;"[""-31.65455,-60.710299""]";Parquimetro en Moreno y San Jeronimo;-31.65455;-60.710299
Estacionamiento medido: Lunes a Viernes de 07.00 a 13.00 y de 16.00 a 20.00. Sabados de 08.00 a 13.00.;"[""-31.654952,-60.707724""]";Parquimetro en Moreno y 25 de Mayo;-31.654952;-60.707724
Estacionamiento medido: Lunes a Viernes de 07.00 a 13.00 y de 16.00 a 20.00. Sabados de 08.00 a 13.00.;"[""-31.655272,-60.713276""]";Parquimetro en M.Zaspe y 1 de Mayo;-31.655272;-60.713276
Estacionamiento medido: Lunes a Viernes de 07.00 a 13.00 y de 16.00 a 20.00. Sabados de 08.00 a 13.00.;"[""-31.655655,-60.71061""]";Parquimetro en M.Zaspe y San Jeronimo;-31.655655;-60.71061
Estacionamiento medido: Lunes a Viernes de 07.00 a 13.00 y de 16.00 a 20.00. Sabados de 08.00 a 13.00.;"[""-31.656002,-60.708046""]";Parquimetro en M.Zaspe y 25 de Mayo;-31.656002;-60.708046
Estacionamiento medido: Lunes a Viernes de 07.00 a 13.00 y de 16.00 a 20.00. Sabados de 08.00 a 13.00.;"[""-31.656404,-60.71355""]";Parquimetro en Gral.Lopez y 1 de Mayo;-31.656404;-60.71355
Estacionamiento medido: Lunes a Viernes de 07.00 a 13.00 y de 16.00 a 20.00. Sabados de 08.00 a 13.00.;"[""-31.65661,-60.712273""]";Parquimetro en Gral.Lopez y 9 de Julio;-31.65661;-60.712273
Estacionamiento medido: Lunes a Viernes de 07.00 a 13.00 y de 16.00 a 20.00. Sabados de 08.00 a 13.00.;"[""-31.656834,-60.710943""]";Parquimetro en Gral.Lopez y San Jeronimo;-31.656834;-60.710943
Estacionamiento medido: Lunes a Viernes de 07.00 a 13.00 y de 16.00 a 20.00. Sabados de 08.00 a 13.00.;"[""-31.65703,-60.70965""]";Parquimetro en Gral.Lopez y San Martin;-31.65703;-60.70965
Estacionamiento medido: Lunes a Viernes de 07.00 a 13.00 y de 16.00 a 20.00. Sabados de 08.00 a 13.00.;"[""-31.657171,-60.708368""]";Parquimetro en Gral.Lopez y 25 de Mayo;-31.657171;-60.708368
Estacionamiento medido: Lunes a Viernes de 07.00 a 13.00 y de 16.00 a 20.00. Sabados de 08.00 a 13.00.;"[""-31.657427,-60.713862""]";Parquimetro en 3 de Febrero y 1 de Mayo;-31.657427;-60.713862
Estacionamiento medido: Lunes a Viernes de 07.00 a 13.00 y de 16.00 a 20.00. Sabados de 08.00 a 13.00.;"[""-31.65761,-60.712563""]";Parquimetro en 3 de Febrero y 9 de Julioï¿½;-31.65761;-60.712563
Estacionamiento medido: Lunes a Viernes de 07.00 a 13.00 y de 16.00 a 20.00. Sabados de 08.00 a 13.00.;"[""-31.657994,-60.70994""]";Parquimetro en 3 de Febrero y San Martin;-31.657994;-60.70994
Estacionamiento medido: Lunes a Viernes de 07.00 a 13.00 y de 16.00 a 20.00. Sabados de 08.00 a 13.00.;"[""-31.658696,-60.712927""]";Parquimetro en Amenabar y 9 de Julio;-31.658696;-60.712927
Estacionamiento medido: Lunes a Viernes de 07.00 a 13.00 y de 16.00 a 20.00. Sabados de 08.00 a 13.00.;"[""-31.658907,-60.711597""]";Parquimetro en Amenabar y San Jeronimo;-31.658907;-60.711597
Estacionamiento medido: Lunes a Viernes de 07.00 a 13.00 y de 16.00 a 20.00. Sabados de 08.00 a 13.00.;"[""-31.657624,-60.709886""]";Parquimetro en San Martin 1540;-31.657624;-60.709886
Estacionamiento medido: Lunes a Viernes de 07.00 a 13.00 y de 16.00 a 20.00. Sabados de 08.00 a 13.00.;"[""-31.645856,-60.701526""]";Parquimetro en Belgrano 2640;-31.645856;-60.701526
Estacionamiento medido: Lunes a Viernes de 07.00 a 13.00 y de 16.00 a 20.00. Sabados de 08.00 a 13.00.;"[""-31.649902,-60.70899""]";Parquimetro en San Jeronimo y Salta;-31.649902;-60.70899
Estacionamiento medido: Lunes a Viernes de 07.00 a 13.00 y de 16.00 a 20.00. Sabados de 08.00 a 13.00.;"[""-31.647628,-60.708336""]";Parquimetro en San Jeronimo y 1ra Junta;-31.647628;-60.708336
Estacionamiento medido: Lunes a Viernes de 07.00 a 13.00 y de 16.00 a 20.00. Sabados de 08.00 a 13.00.;"[""-31.635797,-60.708928""]";Parquimetro en 4 de Enero 3398;-31.635797;-60.708928
Estacionamiento medido: Lunes a Viernes de 07.00 a 13.00 y de 16.00 a 20.00. Sabados de 08.00 a 13.00.;"[""-31.636822,-60.709186""]";Parquimetro en 4 de Enero 3203;-31.636822;-60.709186
Estacionamiento medido: Lunes a Viernes de 07.00 a 13.00 y de 16.00 a 20.00. Sabados de 08.00 a 13.00.;"[""-31.640047,-60.710143""]";Parquimetro en 4 de Enero 3001;-31.640047;-60.710143
Estacionamiento medido: Lunes a Viernes de 07.00 a 13.00 y de 16.00 a 20.00. Sabados de 08.00 a 13.00.;"[""-31.636441,-60.710512""]";Parquimetro en Urquiza 3299;-31.636441;-60.710512
Estacionamiento medido: Lunes a Viernes de 07.00 a 13.00 y de 16.00 a 20.00. Sabados de 08.00 a 13.00.;"[""-31.638562,-60.711098""]";Parquimetro en Urquiza 3101;-31.638562;-60.711098
Estacionamiento medido: Lunes a Viernes de 07.00 a 13.00 y de 16.00 a 20.00. Sabados de 08.00 a 13.00.;"[""-31.641195,-60.711857""]";Parquimetro en Urquiza 2899;-31.641195;-60.711857
Estacionamiento medido: Lunes a Viernes de 07.00 a 13.00 y de 16.00 a 20.00. Sabados de 08.00 a 13.00.;"[""-31.634972,-60.711578""]";Parquimetro en Francia 3402;-31.634972;-60.711578
Estacionamiento medido: Lunes a Viernes de 07.00 a 13.00 y de 16.00 a 20.00. Sabados de 08.00 a 13.00.;"[""-31.637254,-60.712206""]";Parquimetro en Francia 3198;-31.637254;-60.712206
Estacionamiento medido: Lunes a Viernes de 07.00 a 13.00 y de 16.00 a 20.00. Sabados de 08.00 a 13.00.;"[""-31.639489,-60.712785""]";Parquimetro en Francia 3002;-31.639489;-60.712785
Estacionamiento medido: Lunes a Viernes de 07.00 a 13.00 y de 16.00 a 20.00. Sabados de 08.00 a 13.00.;"[""-31.643335,-60.712402""]";Parquimetro en Urquiza y Eva Peron;-31.643335;-60.712402
Estacionamiento medido: Lunes a Viernes de 07.00 a 13.00 y de 16.00 a 20.00. Sabados de 08.00 a 13.00.;"[""-31.643874,-60.71399""]";Parquimetro en La Rioja y Francia;-31.643874;-60.71399
Estacionamiento medido: Lunes a Viernes de 07.00 a 13.00 y de 16.00 a 20.00. Sabados de 08.00 a 13.00.;"[""-31.645171,-60.712938""]";Parquimetro en Tucuman y Urquiza;-31.645171;-60.712938
Estacionamiento medido: Lunes a Viernes de 07.00 a 13.00 y de 16.00 a 20.00. Sabados de 08.00 a 13.00.;"[""-31.642385,-60.710825""]";Parquimetro en I.Freyre y 4 de Enero;-31.642385;-60.710825
Estacionamiento medido: Lunes a Viernes de 07.00 a 13.00 y de 16.00 a 20.00. Sabados de 08.00 a 13.00.;"[""-31.641974,-60.713454""]";Parquimetro en I.Freyre y Francia;-31.641974;-60.713454
Estacionamiento medido: Lunes a Viernes de 07.00 a 13.00 y de 16.00 a 20.00. Sabados de 08.00 a 13.00.;"[""-31.638402,-60.699259""]";Parquimetro en Belgrano e Ituzaingo;-31.638402;-60.699259
Estacionamiento medido: Lunes a Viernes de 07.00 a 13.00 y de 16.00 a 20.00. Sabados de 08.00 a 13.00.;"[""-31.637507,-60.698969""]";Parquimetro en Balcarce y Belgrano;-31.637507;-60.698969
Estacionamiento medido: Lunes a Viernes de 07.00 a 13.00 y de 16.00 a 20.00. Sabados de 08.00 a 13.00.;"[""-31.637745,-60.697929""]";Parquimetro en Las Heras y Balcarce;-31.637745;-60.697929
Estacionamiento medido: Lunes a Viernes de 07.00 a 13.00 y de 16.00 a 20.00. Sabados de 08.00 a 13.00.;"[""-31.639553,-60.698465""]";Parquimetro en G.Candioti y Las Heras;-31.639553;-60.698465
Estacionamiento medido: Lunes a Viernes de 07.00 a 13.00 y de 16.00 a 20.00. Sabados de 08.00 a 13.00.;"[""-31.641074,-60.698841""]";Parquimetro en Dgnal.Caseros y Las Heras;-31.641074;-60.698841
Estacionamiento medido: Lunes a Viernes de 07.00 a 13.00 y de 16.00 a 20.00. Sabados de 08.00 a 13.00.;"[""-31.642294,-60.699254""]";Parquimetro en Las Heras y Crespo;-31.642294;-60.699254
Estacionamiento medido: Lunes a Viernes de 07.00 a 13.00 y de 16.00 a 20.00. Sabados de 08.00 a 13.00.;"[""-31.644216,-60.699474""]";Parquimetro en Sta.Maria de Oro y Las Heras;-31.644216;-60.699474
Estacionamiento medido: Lunes a Viernes de 07.00 a 13.00 y de 16.00 a 20.00. Sabados de 08.00 a 13.00.;"[""-31.645572,-60.700241""]";Parquimetro en Las Heras y Eva Peron;-31.645572;-60.700241
Estacionamiento medido: Lunes a Viernes de 07.00 a 13.00 y de 16.00 a 20.00. Sabados de 08.00 a 13.00.;"[""-31.645399,-60.699082""]";Parquimetro en C.San Martin y Alvear;-31.645399;-60.699082
Estacionamiento medido: Lunes a Viernes de 07.00 a 13.00 y de 16.00 a 20.00. Sabados de 08.00 a 13.00.;"[""-31.644897,-60.698921""]";Parquimetro en Pje.Grilli y Alvear;-31.644897;-60.698921
Estacionamiento medido: Lunes a Viernes de 07.00 a 13.00 y de 16.00 a 20.00. Sabados de 08.00 a 13.00.;"[""-31.644344,-60.698782""]";Parquimetro en Sta.Maria de Oro y Alvear;-31.644344;-60.698782
Estacionamiento medido: Lunes a Viernes de 07.00 a 13.00 y de 16.00 a 20.00. Sabados de 08.00 a 13.00.;"[""-31.643454,-60.698513""]";Parquimetro en J.R.Pirez y Alvear;-31.643454;-60.698513
Estacionamiento medido: Lunes a Viernes de 07.00 a 13.00 y de 16.00 a 20.00. Sabados de 08.00 a 13.00.;"[""-31.642522,-60.698229""]";Parquimetro en Alvear y R.del Castro;-31.642522;-60.698229
Estacionamiento medido: Lunes a Viernes de 07.00 a 13.00 y de 16.00 a 20.00. Sabados de 08.00 a 13.00.;"[""-31.641618,-60.697918""]";Parquimetro en Calchines y Alvear;-31.641618;-60.697918
Estacionamiento medido: Lunes a Viernes de 07.00 a 13.00 y de 16.00 a 20.00. Sabados de 08.00 a 13.00.;"[""-31.640745,-60.697644""]";Parquimetro en Sgto.Cabral y Alvear;-31.640745;-60.697644
Estacionamiento medido: Lunes a Viernes de 07.00 a 13.00 y de 16.00 a 20.00. Sabados de 08.00 a 13.00.;"[""-31.639804,-60.697387""]";Parquimetro Alvear y Gdor. Candioti;-31.639804;-60.697387
Estacionamiento medido: Lunes a Viernes de 07.00 a 13.00 y de 16.00 a 20.00. Sabados de 08.00 a 13.00.;"[""-31.6389,-60.697124""]";Parquimetro en Alvear e Ituzaingo;-31.6389;-60.697124
Estacionamiento medido: Lunes a Viernes de 07.00 a 13.00 y de 16.00 a 20.00. Sabados de 08.00 a 13.00.;"[""-31.637978,-60.696845""]";Parquimetro en Alvear y Balcarce;-31.637978;-60.696845
Estacionamiento medido: Lunes a Viernes de 07.00 a 13.00 y de 16.00 a 20.00. Sabados de 08.00 a 13.00.;"[""-31.635297,-60.710235""]";Parquimetro en Urquiza y O. Gelabert;-31.635297;-60.710235
